time, price
2018-06-04 05:01:00,0.0
2018-06-04 05:02:00,0.0
2018-06-04 05:03:00,0.0
2018-06-04 05:04:00,0.0
2018-06-04 05:05:00,0.0
2018-06-04 05:06:00,0.0
2018-06-04 05:07:00,0.0
2018-06-04 05:08:00,0.0
2018-06-04 05:09:00,0.0
2018-06-04 05:10:00,0.0
2018-06-04 05:11:00,0.0
2018-06-04 05:12:00,0.0
2018-06-04 05:13:00,0.0
2018-06-04 05:14:00,0.0
2018-06-04 05:15:00,0.3045878545593065
2018-06-04 05:16:00,0.0
2018-06-04 05:17:00,0.0
2018-06-04 05:18:00,0.0
2018-06-04 05:19:00,0.0
2018-06-04 05:20:00,0.0
2018-06-04 05:21:00,0.0
2018-06-04 05:22:00,0.0
2018-06-04 05:23:00,0.0
2018-06-04 05:24:00,0.0
2018-06-04 05:25:00,0.0
2018-06-04 05:26:00,0.0
2018-06-04 05:27:00,0.1710376282782142
2018-06-04 05:28:00,0.0
2018-06-04 05:29:00,0.0
2018-06-04 05:30:00,0.0
2018-06-04 05:31:00,0.0
2018-06-04 05:32:00,0.0
2018-06-04 05:33:00,0.0
2018-06-04 05:34:00,0.0
2018-06-04 05:35:00,0.0
2018-06-04 05:36:00,0.0
2018-06-04 05:37:00,0.0
2018-06-04 05:38:00,0.0
2018-06-04 05:39:00,0.0
2018-06-04 05:40:00,0.0
2018-06-04 05:41:00,0.0
2018-06-04 05:42:00,0.0
2018-06-04 05:43:00,0.0
2018-06-04 05:44:00,0.0
2018-06-04 05:45:00,0.037993920972650315
2018-06-04 05:46:00,0.0
2018-06-04 05:47:00,0.0
2018-06-04 05:48:00,0.0
2018-06-04 05:49:00,0.0
2018-06-04 05:50:00,0.0
2018-06-04 05:51:00,0.0
2018-06-04 05:52:00,0.0
2018-06-04 05:53:00,0.0
2018-06-04 05:54:00,0.0
2018-06-04 05:55:00,0.0
2018-06-04 05:56:00,0.0
2018-06-04 05:57:00,0.0
2018-06-04 05:58:00,0.0
2018-06-04 05:59:00,0.0
2018-06-04 06:00:00,0.0
2018-06-04 06:01:00,0.0
2018-06-04 06:02:00,0.0
2018-06-04 06:03:00,0.0
2018-06-04 06:04:00,0.0
2018-06-04 06:05:00,0.0
2018-06-04 06:06:00,0.0
2018-06-04 06:07:00,0.0
2018-06-04 06:08:00,0.0
2018-06-04 06:09:00,0.0
2018-06-04 06:10:00,0.0
2018-06-04 06:11:00,0.0
2018-06-04 06:12:00,0.0
2018-06-04 06:13:00,0.0
2018-06-04 06:14:00,0.0
2018-06-04 06:15:00,-0.17126546146527766
2018-06-04 06:16:00,0.0
2018-06-04 06:17:00,0.0
2018-06-04 06:18:00,0.0
2018-06-04 06:19:00,0.0
2018-06-04 06:20:00,0.0
2018-06-04 06:21:00,0.0
2018-06-04 06:22:00,0.0
2018-06-04 06:23:00,0.0
2018-06-04 06:24:00,0.0
2018-06-04 06:25:00,0.0
2018-06-04 06:26:00,0.0
2018-06-04 06:27:00,0.0
2018-06-04 06:28:00,0.0
2018-06-04 06:29:00,0.0
2018-06-04 06:30:00,0.0
2018-06-04 06:31:00,0.0
2018-06-04 06:32:00,0.0
2018-06-04 06:33:00,0.0
2018-06-04 06:34:00,0.0
2018-06-04 06:35:00,-0.05712109672504575
2018-06-04 06:36:00,-3.0612244897959227
2018-06-04 06:37:00,1.716489874638381
2018-06-04 06:38:00,0.21170130869899811
2018-06-04 06:39:00,0.45977011494253256
2018-06-04 06:40:00,0.0
2018-06-04 06:41:00,-0.1727115716753088
2018-06-04 06:42:00,-0.38528221922558825
2018-06-04 06:43:00,-0.5228505034856623
2018-06-04 06:44:00,0.0967305088024708
2018-06-04 06:45:00,0.0
2018-06-04 06:46:00,0.0
2018-06-04 06:47:00,0.0
2018-06-04 06:48:00,0.0
2018-06-04 06:49:00,0.0
2018-06-04 06:50:00,0.7869481765835005
2018-06-04 06:51:00,-0.1730436454528041
2018-06-04 06:52:00,0.4593301435406737
2018-06-04 06:53:00,-1.1225082252757854
2018-06-04 06:54:00,0.0
2018-06-04 06:55:00,0.4623386630706895
2018-06-04 06:56:00,0.3455557688615988
2018-06-04 06:57:00,-0.9887553315238564
2018-06-04 06:58:00,0.0
2018-06-04 06:59:00,-0.3697217357462497
2018-06-04 07:00:00,1.249039200614909
2018-06-04 07:01:00,0.7627765064835976
2018-06-04 07:02:00,-1.726479146459749
2018-06-04 07:03:00,0.05816207832493434
2018-06-04 07:04:00,1.0740314537782936
2018-06-04 07:05:00,0.0
2018-06-04 07:06:00,-0.598109203164195
2018-06-04 07:07:00,0.0
2018-06-04 07:08:00,0.0
2018-06-04 07:09:00,-0.05791505791506011
2018-06-04 07:10:00,0.5758157389635399
2018-06-04 07:11:00,-0.7152522714092492
2018-06-04 07:12:00,0.0
2018-06-04 07:13:00,0.0
2018-06-04 07:14:00,0.614793467819405
2018-06-04 07:15:00,-1.4817703255995283
2018-06-04 07:16:00,1.7244682889442395
2018-06-04 07:17:00,-0.7723498744931427
2018-06-04 07:18:00,0.0
2018-06-04 07:19:00,0.0
2018-06-04 07:20:00,0.0
2018-06-04 07:21:00,0.0
2018-06-04 07:22:00,0.0
2018-06-04 07:23:00,-0.6217213911016132
2018-06-04 07:24:00,0.6178798995945168
2018-06-04 07:25:00,-0.5631067961165032
2018-06-04 07:26:00,0.5215375700212539
2018-06-04 07:27:00,-0.4462553356616297
2018-06-04 07:28:00,0.0
2018-06-04 07:29:00,0.0
2018-06-04 07:30:00,0.731895223420652
2018-06-04 07:31:00,-1.1691348402182413
2018-06-04 07:32:00,0.44616876818622087
2018-06-04 07:33:00,0.7317542846139082
2018-06-04 07:34:00,-0.4060324825986095
2018-06-04 07:35:00,0.5001923816852598
2018-06-04 07:36:00,-1.010493587252227
2018-06-04 07:37:00,-0.1751995328012525
2018-06-04 07:38:00,0.6382978723404359
2018-06-04 07:39:00,0.0
2018-06-04 07:40:00,0.0
2018-06-04 07:41:00,0.0
2018-06-04 07:42:00,0.0
2018-06-04 07:43:00,0.38535645472060837
2018-06-04 07:44:00,-0.7571345369831112
2018-06-04 07:45:00,0.5214368482039458
2018-06-04 07:46:00,0.4613610149942368
2018-06-04 07:47:00,0.0
2018-06-04 07:48:00,0.0
2018-06-04 07:49:00,0.0
2018-06-04 07:50:00,0.0
2018-06-04 07:51:00,0.0
2018-06-04 07:52:00,0.0
2018-06-04 07:53:00,0.0
2018-06-04 07:54:00,0.0
2018-06-04 07:55:00,0.0
2018-06-04 07:56:00,0.0
2018-06-04 07:57:00,-1.1078717201166186
2018-06-04 07:58:00,0.0
2018-06-04 07:59:00,0.6373117033603675
2018-06-04 08:00:00,0.0
2018-06-04 08:01:00,0.1927525057825779
2018-06-04 08:02:00,0.9356501814015561
2018-06-04 08:03:00,-0.6341275941583364
2018-06-04 08:04:00,0.0
2018-06-04 08:05:00,0.0
2018-06-04 08:06:00,-0.8331718659174573
2018-06-04 08:07:00,0.3283120896098913
2018-06-04 08:08:00,0.0
2018-06-04 08:09:00,0.0
2018-06-04 08:10:00,0.0
2018-06-04 08:11:00,0.0
2018-06-04 08:12:00,0.3847633705271177
2018-06-04 08:13:00,0.1728442481275272
2018-06-04 08:14:00,-0.1538757453356382
2018-06-04 08:15:00,0.19197542714532811
2018-06-04 08:16:00,0.0
2018-06-04 08:17:00,0.0
2018-06-04 08:18:00,-0.34675399730303763
2018-06-04 08:19:00,0.3072786633378216
2018-06-04 08:20:00,0.0
2018-06-04 08:21:00,-0.11536243030186939
2018-06-04 08:22:00,0.0
2018-06-04 08:23:00,-1.068791294209089
2018-06-04 08:24:00,0.0
2018-06-04 08:25:00,0.0
2018-06-04 08:26:00,0.0
2018-06-04 08:27:00,0.0
2018-06-04 08:28:00,-0.07779074290159305
2018-06-04 08:29:00,0.0
2018-06-04 08:30:00,0.21346788278672504
2018-06-04 08:31:00,0.42512077294685774
2018-06-04 08:32:00,0.03863241259417254
2018-06-04 08:33:00,-0.1353965183752423
2018-06-04 08:34:00,0.0
2018-06-04 08:35:00,0.5577995768416987
2018-06-04 08:36:00,0.0
2018-06-04 08:37:00,0.0
2018-06-04 08:38:00,0.019230769230765405
2018-06-04 08:39:00,0.0
2018-06-04 08:40:00,0.0
2018-06-04 08:41:00,0.0
2018-06-04 08:42:00,0.0
2018-06-04 08:43:00,0.0
2018-06-04 08:44:00,0.0
2018-06-04 08:45:00,0.23023791250958836
2018-06-04 08:46:00,-0.05759262814358615
2018-06-04 08:47:00,0.09589566551591323
2018-06-04 08:48:00,-0.03837298541827154
2018-06-04 08:49:00,0.0
2018-06-04 08:50:00,0.0
2018-06-04 08:51:00,0.0
2018-06-04 08:52:00,0.0
2018-06-04 08:53:00,0.0
2018-06-04 08:54:00,-0.038387715930894475
2018-06-04 08:55:00,0.0
2018-06-04 08:56:00,0.0
2018-06-04 08:57:00,0.0
2018-06-04 08:58:00,0.0
2018-06-04 08:59:00,0.0
2018-06-04 09:00:00,0.0
2018-06-04 09:01:00,-0.9103234553554113
2018-06-04 09:02:00,-0.36936236391913846
2018-06-04 09:03:00,0.48365254401238156
2018-06-04 09:04:00,-0.09682416731215561
2018-06-04 09:05:00,0.0
2018-06-04 09:06:00,0.0
2018-06-04 09:07:00,0.0773993808049519
2018-06-04 09:08:00,-0.3690036900368959
2018-06-04 09:09:00,-0.3703703703703798
2018-06-04 09:10:00,0.0
2018-06-04 09:11:00,-0.5094043887147297
2018-06-04 09:12:00,0.0
2018-06-04 09:13:00,0.0
2018-06-04 09:14:00,0.0
2018-06-04 09:15:00,1.181026137463697
2018-06-04 09:16:00,0.0773844070419794
2018-06-04 09:17:00,-0.3104987385988678
2018-06-04 09:18:00,-0.2529182879377482
2018-06-04 09:19:00,0.40689788800620197
2018-06-04 09:20:00,0.1933861922258778
2018-06-04 09:21:00,0.0
2018-06-04 09:22:00,0.0
2018-06-04 09:23:00,-0.5248833592535054
2018-06-04 09:24:00,0.0
2018-06-04 09:25:00,0.0
2018-06-04 09:26:00,0.0
2018-06-04 09:27:00,0.0
2018-06-04 09:28:00,0.0
2018-06-04 09:29:00,0.0
2018-06-04 09:30:00,0.0
2018-06-04 09:31:00,0.0
2018-06-04 09:32:00,0.0
2018-06-04 09:33:00,0.0
2018-06-04 09:34:00,0.0
2018-06-04 09:35:00,0.0
2018-06-04 09:36:00,0.0
2018-06-04 09:37:00,0.0
2018-06-04 09:38:00,0.0
2018-06-04 09:39:00,0.0
2018-06-04 09:40:00,0.0
2018-06-04 09:41:00,0.0
2018-06-04 09:42:00,0.0
2018-06-04 09:43:00,0.0
2018-06-04 09:44:00,0.0
2018-06-04 09:45:00,0.1552795031056005
2018-06-04 09:46:00,0.0
2018-06-04 09:47:00,0.0
2018-06-04 09:48:00,0.0
2018-06-04 09:49:00,0.0
2018-06-04 09:50:00,0.0
2018-06-04 09:51:00,1.1511895625479553
2018-06-04 09:52:00,0.0
2018-06-04 09:53:00,-0.1152516327314544
2018-06-04 09:54:00,0.11511895625478737
2018-06-04 09:55:00,0.5343511450381702
2018-06-04 09:56:00,0.0
2018-06-04 09:57:00,0.0
2018-06-04 09:58:00,-1.0997491800115768
2018-06-04 09:59:00,0.537324889656498
2018-06-04 10:00:00,0.0
2018-06-04 10:01:00,0.0
2018-06-04 10:02:00,0.0
2018-06-04 10:03:00,0.0
2018-06-04 10:04:00,-0.19227071716977778
2018-06-04 10:05:00,0.0
2018-06-04 10:06:00,0.03843936190659836
2018-06-04 10:07:00,0.13435700575815793
2018-06-04 10:08:00,-0.21157914983650594
2018-06-04 10:09:00,0.0
2018-06-04 10:10:00,0.07687872381318306
2018-06-04 10:11:00,0.0
2018-06-04 10:12:00,-0.2504816955684057
2018-06-04 10:13:00,0.38387715930902655
2018-06-04 10:14:00,-0.15378700499807438
2018-06-04 10:15:00,-0.40532715691951526
2018-06-04 10:16:00,0.0
2018-06-04 10:17:00,0.3845414343395419
2018-06-04 10:18:00,0.0
2018-06-04 10:19:00,0.0
2018-06-04 10:20:00,0.0
2018-06-04 10:21:00,0.0
2018-06-04 10:22:00,0.0
2018-06-04 10:23:00,0.0
2018-06-04 10:24:00,0.0
2018-06-04 10:25:00,0.0
2018-06-04 10:26:00,1.682419659735351
2018-06-04 10:27:00,0.0
2018-06-04 10:28:00,-0.5512260026610895
2018-06-04 10:29:00,1.7370190511766896
2018-06-04 10:30:00,-0.018681113394354586
2018-06-04 10:31:00,0.0
2018-06-04 10:32:00,-0.7149576669802494
2018-06-04 10:33:00,0.300131307447015
2018-06-04 10:34:00,0.0
2018-06-04 10:35:00,0.0
2018-06-04 10:36:00,-0.2633063757758145
2018-06-04 10:37:00,0.0
2018-06-04 10:38:00,0.0
2018-06-04 10:39:00,0.39340576995129417
2018-06-04 10:40:00,0.5588673621460454
2018-06-04 10:41:00,-0.07457121551081124
2018-06-04 10:42:00,-0.5247376311844099
2018-06-04 10:43:00,0.7809594644849418
2018-06-04 10:44:00,0.4627059041273367
2018-06-04 10:45:00,-0.7646400596792311
2018-06-04 10:46:00,0.0
2018-06-04 10:47:00,-0.6003752345215766
2018-06-04 10:48:00,0.8740933606100166
2018-06-04 10:49:00,0.092902266815305
2018-06-04 10:50:00,0.2779321845469679
2018-06-04 10:51:00,0.07406035919274051
2018-06-04 10:52:00,-1.0666167664670665
2018-06-04 10:53:00,0.335695635956732
2018-06-04 10:54:00,0.0
2018-06-04 10:55:00,0.0
2018-06-04 10:56:00,0.0
2018-06-04 10:57:00,0.0
2018-06-04 10:58:00,0.0
2018-06-04 10:59:00,-0.18684603886396545
2018-06-04 11:00:00,0.0
2018-06-04 11:01:00,0.0
2018-06-04 11:02:00,0.0
2018-06-04 11:03:00,1.41830908086203
2018-06-04 11:04:00,-0.6302131603336354
2018-06-04 11:05:00,0.0
2018-06-04 11:06:00,0.0
2018-06-04 11:07:00,0.0
2018-06-04 11:08:00,0.0
2018-06-04 11:09:00,0.0
2018-06-04 11:10:00,0.0
2018-06-04 11:11:00,0.0
2018-06-04 11:12:00,-0.6154419992540198
2018-06-04 11:13:00,0.0
2018-06-04 11:14:00,-0.2430360815105542
2018-06-04 11:15:00,0.1679731243001051
2018-06-04 11:16:00,0.018660197798106206
2018-06-04 11:17:00,0.0
2018-06-04 11:18:00,0.13045098770032273
2018-06-04 11:19:00,0.0
2018-06-04 11:20:00,-1.245283018867918
2018-06-04 11:21:00,0.0
2018-06-04 11:22:00,0.24468285337851037
2018-06-04 11:23:00,-0.11305822498587201
2018-06-04 11:24:00,0.15051740357478513
2018-06-04 11:25:00,-0.32087580218950873
2018-06-04 11:26:00,1.0089686098654824
2018-06-04 11:27:00,-0.09351037965214937
2018-06-04 11:28:00,0.24253731343284057
2018-06-04 11:29:00,2.5454545454545427
2018-06-04 11:30:00,-1.8329938900203704
2018-06-04 11:31:00,0.0
2018-06-04 11:32:00,1.1349075599487544
2018-06-04 11:33:00,0.0
2018-06-04 11:34:00,0.7629427792915433
2018-06-04 11:35:00,0.0
2018-06-04 11:36:00,2.738515901060078
2018-06-04 11:37:00,-0.4971590909090929
2018-06-04 11:38:00,-0.6073597713469157
2018-06-04 11:39:00,0.0
2018-06-04 11:40:00,0.0
2018-06-04 11:41:00,0.0
2018-06-04 11:42:00,0.0
2018-06-04 11:43:00,0.0
2018-06-04 11:44:00,0.0
2018-06-04 11:45:00,-4.655075715086922
2018-06-04 11:46:00,-0.07483629560336603
2018-06-04 11:47:00,1.6559337626494914
2018-06-04 11:48:00,-1.4181750326553424
2018-06-04 11:49:00,-0.31823287158367974
2018-06-04 11:50:00,1.1838697743248254
2018-06-04 11:51:00,0.0
2018-06-04 11:52:00,0.0
2018-06-04 11:53:00,-0.8582089552238822
2018-06-04 11:54:00,0.01865323633650067
2018-06-04 11:55:00,0.24190547078526714
2018-06-04 11:56:00,0.07437709185570686
2018-06-04 11:57:00,0.0
2018-06-04 11:58:00,0.018590816136824707
2018-06-04 11:59:00,0.0
2018-06-04 12:00:00,0.03716781267422993
2018-06-04 12:01:00,0.0
2018-06-04 12:02:00,0.0
2018-06-04 12:03:00,0.0
2018-06-04 12:04:00,0.0
2018-06-04 12:05:00,0.0
2018-06-04 12:06:00,0.0
2018-06-04 12:07:00,0.0
2018-06-04 12:08:00,0.0
2018-06-04 12:09:00,-0.2048417132216004
2018-06-04 12:10:00,0.07443245254930991
2018-06-04 12:11:00,0.0
2018-06-04 12:12:00,0.11152416356876427
2018-06-04 12:13:00,0.0
2018-06-04 12:14:00,0.0
2018-06-04 12:15:00,0.0
2018-06-04 12:16:00,0.0
2018-06-04 12:17:00,0.0
2018-06-04 12:18:00,0.0
2018-06-04 12:19:00,0.0
2018-06-04 12:20:00,-0.26090197540067195
2018-06-04 12:21:00,-0.2803214352457458
2018-06-04 12:22:00,-1.7880920677192274
2018-06-04 12:23:00,-0.3244274809160338
2018-06-04 12:24:00,-0.8080030781069676
2018-06-04 12:25:00,-0.1155624036979876
2018-06-04 12:26:00,1.1988582302568895
2018-06-04 12:27:00,-0.3820439350525229
2018-06-04 12:28:00,0.739476678043232
2018-06-04 12:29:00,-0.3233783526726302
2018-06-04 12:30:00,-0.9214820502975559
2018-06-04 12:31:00,0.4396024464831744
2018-06-04 12:32:00,0.0
2018-06-04 12:33:00,0.5323193916349831
2018-06-04 12:34:00,0.11393847322444961
2018-06-04 12:35:00,0.0
2018-06-04 12:36:00,0.0
2018-06-04 12:37:00,0.8659638554216883
2018-06-04 12:38:00,0.0
2018-06-04 12:39:00,0.0
2018-06-04 12:40:00,0.0
2018-06-04 12:41:00,0.0
2018-06-04 12:42:00,-0.6823351023502643
2018-06-04 12:43:00,0.0
2018-06-04 12:44:00,0.0
2018-06-04 12:45:00,0.0
2018-06-04 12:46:00,0.0
2018-06-04 12:47:00,0.0
2018-06-04 12:48:00,0.0
2018-06-04 12:49:00,0.0
2018-06-04 12:50:00,0.0
2018-06-04 12:51:00,0.0
2018-06-04 12:52:00,-1.6766236269030594
2018-06-04 12:53:00,0.09626492106275926
2018-06-04 12:54:00,0.5171423099023236
2018-06-04 12:55:00,-0.09585889570552965
2018-06-04 12:56:00,0.17224880382775773
2018-06-04 12:57:00,-0.7326007326007375
2018-06-04 12:58:00,0.9358288770053513
2018-06-04 12:59:00,0.0
2018-06-04 13:00:00,0.0
2018-06-04 13:01:00,0.019094901661252647
2018-06-04 13:02:00,0.19058509624547632
2018-06-04 13:03:00,0.22818026240731037
2018-06-04 13:04:00,-1.2904468412943022
2018-06-04 13:05:00,0.7265774378584999
2018-06-04 13:06:00,-0.7318952234206384
2018-06-04 13:07:00,0.0962093515489651
2018-06-04 13:08:00,0.8962623951182281
2018-06-04 13:09:00,0.0
2018-06-04 13:10:00,0.0
2018-06-04 13:11:00,0.0
2018-06-04 13:12:00,0.0
2018-06-04 13:13:00,0.0
2018-06-04 13:14:00,0.0
2018-06-04 13:15:00,0.0
2018-06-04 13:16:00,0.0
2018-06-04 13:17:00,0.0
2018-06-04 13:18:00,-0.15278838808250247
2018-06-04 13:19:00,0.0
2018-06-04 13:20:00,0.0
2018-06-04 13:21:00,0.0
2018-06-04 13:22:00,0.0
2018-06-04 13:23:00,0.0
2018-06-04 13:24:00,0.0
2018-06-04 13:25:00,-0.8474576271186397
2018-06-04 13:26:00,0.0
2018-06-04 13:27:00,0.42194092827004
2018-06-04 13:28:00,0.0
2018-06-04 13:29:00,0.0
2018-06-04 13:30:00,0.01917545541706234
2018-06-04 13:31:00,0.0
2018-06-04 13:32:00,0.0
2018-06-04 13:33:00,0.2104860313815527
2018-06-04 13:34:00,-0.4613610149942231
2018-06-04 13:35:00,-0.19260400616333093
2018-06-04 13:36:00,0.15384615384615058
2018-06-04 13:37:00,-0.8533747090767994
2018-06-04 13:38:00,0.0968804495252803
2018-06-04 13:39:00,-0.3304821150855399
2018-06-04 13:40:00,0.6949806949806939
2018-06-04 13:41:00,-0.23219814241485573
2018-06-04 13:42:00,0.0
2018-06-04 13:43:00,0.0
2018-06-04 13:44:00,0.03868471953578941
2018-06-04 13:45:00,0.30852294639413147
2018-06-04 13:46:00,-0.05788153579008516
2018-06-04 13:47:00,-0.4652064353556791
2018-06-04 13:48:00,0.0
2018-06-04 13:49:00,0.0
2018-06-04 13:50:00,0.347691713347498
2018-06-04 13:51:00,0.0
2018-06-04 13:52:00,-0.17414860681115213
2018-06-04 13:53:00,0.0
2018-06-04 13:54:00,0.1931247585940545
2018-06-04 13:55:00,0.0
2018-06-04 13:56:00,0.0
2018-06-04 13:57:00,0.0
2018-06-04 13:58:00,0.13500482160077198
2018-06-04 13:59:00,-0.09652509652510476
2018-06-04 14:00:00,0.0
2018-06-04 14:01:00,0.05788153579008516
2018-06-04 14:02:00,0.0
2018-06-04 14:03:00,-0.0772349874493129
2018-06-04 14:04:00,0.019305019305015464
2018-06-04 14:05:00,0.0
2018-06-04 14:06:00,0.0
2018-06-04 14:07:00,0.038595137012742434
2018-06-04 14:08:00,0.0
2018-06-04 14:09:00,0.0
2018-06-04 14:10:00,0.0
2018-06-04 14:11:00,0.0
2018-06-04 14:12:00,-0.4652966265994611
2018-06-04 14:13:00,0.0
2018-06-04 14:14:00,0.0
2018-06-04 14:15:00,0.0
2018-06-04 14:16:00,0.0
2018-06-04 14:17:00,0.0
2018-06-04 14:18:00,0.0
2018-06-04 14:19:00,0.0
2018-06-04 14:20:00,0.0
2018-06-04 14:21:00,0.0
2018-06-04 14:22:00,0.405483684108903
2018-06-04 14:23:00,-0.03863241259415882
2018-06-04 14:24:00,0.0
2018-06-04 14:25:00,0.0
2018-06-04 14:26:00,0.0
2018-06-04 14:27:00,0.0
2018-06-04 14:28:00,0.0
2018-06-04 14:29:00,0.0
2018-06-04 14:30:00,0.0
2018-06-04 14:31:00,-0.09667440061872441
2018-06-04 14:32:00,-0.3492433061699646
2018-06-04 14:33:00,-0.09710623422023142
2018-06-04 14:34:00,0.25184037194884823
2018-06-04 14:35:00,-0.3109211037699117
2018-06-04 14:36:00,0.2519868191510032
2018-06-04 14:37:00,0.0
2018-06-04 14:38:00,-0.2721088435374161
2018-06-04 14:39:00,0.0
2018-06-04 14:40:00,0.36793183578620786
2018-06-04 14:41:00,-0.60393532047536
2018-06-04 14:42:00,0.4267701260911715
2018-06-04 14:43:00,-0.6639328256199889
2018-06-04 14:44:00,0.40840140023337385
2018-06-04 14:45:00,0.0
2018-06-04 14:46:00,0.0
2018-06-04 14:47:00,0.0
2018-06-04 14:48:00,0.0
2018-06-04 14:49:00,-0.39047247169075133
2018-06-04 14:50:00,0.0
2018-06-04 14:51:00,-0.11727912431587623
2018-06-04 14:52:00,0.9103234553554251
2018-06-04 14:53:00,-0.564861706271911
2018-06-04 14:54:00,0.561688940538445
2018-06-04 14:55:00,0.09674922600618645
2018-06-04 14:56:00,0.0
2018-06-04 14:57:00,-0.23273855702094148
2018-06-04 14:58:00,0.0
2018-06-04 14:59:00,0.0
2018-06-04 15:00:00,0.0
2018-06-04 15:01:00,0.0
2018-06-04 15:02:00,0.0
2018-06-04 15:03:00,0.0
2018-06-04 15:04:00,0.11623401782254003
2018-06-04 15:05:00,-0.6630265210608352
2018-06-04 15:06:00,0.29165856503985726
2018-06-04 15:07:00,-0.4688415706192655
2018-06-04 15:08:00,0.0
2018-06-04 15:09:00,0.2338725394659999
2018-06-04 15:10:00,0.0
2018-06-04 15:11:00,-1.3630975898854303
2018-06-04 15:12:00,0.0
2018-06-04 15:13:00,0.41314184536691095
2018-06-04 15:14:00,-0.933280381254962
2018-06-04 15:15:00,1.2936103488827984
2018-06-04 15:16:00,0.01959631589260829
2018-06-04 15:17:00,-0.5913660555884177
2018-06-04 15:18:00,0.4122497055359263
2018-06-04 15:19:00,0.0
2018-06-04 15:20:00,0.0
2018-06-04 15:21:00,0.0
2018-06-04 15:22:00,0.0
2018-06-04 15:23:00,0.0
2018-06-04 15:24:00,0.0
2018-06-04 15:25:00,0.0
2018-06-04 15:26:00,-0.9512485136741913
2018-06-04 15:27:00,0.4340962904498794
2018-06-04 15:28:00,0.0
2018-06-04 15:29:00,-0.17790077090333326
2018-06-04 15:30:00,0.09873617693522345
2018-06-04 15:31:00,0.0
2018-06-04 15:32:00,0.0
2018-06-04 15:33:00,0.0
2018-06-04 15:34:00,0.0
2018-06-04 15:35:00,0.0
2018-06-04 15:36:00,0.0
2018-06-04 15:37:00,0.0
2018-06-04 15:38:00,-1.6459253311922928
2018-06-04 15:39:00,0.6580259222332967
2018-06-04 15:40:00,0.5355017850059562
2018-06-04 15:41:00,0.19794140934283733
2018-06-04 15:42:00,0.17783046828689253
2018-06-04 15:43:00,-0.4565303691941185
2018-06-04 15:44:00,-0.21881838074398136
2018-06-04 15:45:00,-0.09956192751892526
2018-06-04 15:46:00,-0.07971303308090703
2018-06-04 15:47:00,1.0256410256410318
2018-06-04 15:48:00,-0.8152714257307689
2018-06-04 15:49:00,0.0
2018-06-04 15:50:00,0.0
2018-06-04 15:51:00,-0.3191701575902585
2018-06-04 15:52:00,0.3973773097556045
2018-06-04 15:53:00,0.23785926660060364
2018-06-04 15:54:00,-0.41799363057325006
2018-06-04 15:55:00,0.0
2018-06-04 15:56:00,0.0
2018-06-04 15:57:00,0.0
2018-06-04 15:58:00,0.019900497512433852
2018-06-04 15:59:00,0.0
2018-06-04 16:00:00,-0.2793853522251059
2018-06-04 16:01:00,0.0
2018-06-04 16:02:00,0.0
2018-06-04 16:03:00,0.0
2018-06-04 16:04:00,0.0
2018-06-04 16:05:00,0.21903624054161577
2018-06-04 16:06:00,-0.17953321364451685
2018-06-04 16:07:00,0.0
2018-06-04 16:08:00,0.0
2018-06-04 16:09:00,0.0
2018-06-04 16:10:00,0.1593308105954955
2018-06-04 16:11:00,-0.25958466453674633
2018-06-04 16:12:00,0.1196649381731198
2018-06-04 16:13:00,0.41708043694141184
2018-06-04 16:14:00,-0.47894631810018357
2018-06-04 16:15:00,0.1792828685259032
2018-06-04 16:16:00,-0.17960486928757416
2018-06-04 16:17:00,-0.059904153354634865
2018-06-04 16:18:00,0.0
2018-06-04 16:19:00,0.0
2018-06-04 16:20:00,0.0
2018-06-04 16:21:00,0.13958125623130666
2018-06-04 16:22:00,0.0
2018-06-04 16:23:00,-0.09980039920159114
2018-06-04 16:24:00,0.0
2018-06-04 16:25:00,0.0
2018-06-04 16:26:00,0.0
2018-06-04 16:27:00,0.0
2018-06-04 16:28:00,0.0
2018-06-04 16:29:00,0.0
2018-06-04 16:30:00,0.0
2018-06-04 16:31:00,-0.05991611743559244
2018-06-04 16:32:00,0.0
2018-06-04 16:33:00,0.0
2018-06-04 16:34:00,0.0
2018-06-04 16:35:00,0.0
2018-06-04 16:36:00,0.0
2018-06-04 16:37:00,0.0
2018-06-04 16:38:00,0.0
2018-06-04 16:39:00,0.0
2018-06-04 16:40:00,0.0
2018-06-04 16:41:00,0.0
2018-06-04 16:42:00,0.0
2018-06-04 16:43:00,0.0
2018-06-04 16:44:00,0.0
2018-06-04 16:45:00,0.0
2018-06-04 16:46:00,0.09976057462090415
2018-06-04 16:47:00,0.0
2018-06-04 16:48:00,0.0
2018-06-04 16:49:00,0.2785515320334273
2018-06-04 16:50:00,0.0
2018-06-04 16:51:00,0.0
2018-06-04 16:52:00,-0.0398089171974443
2018-06-04 16:53:00,-0.23942537909019262
2018-06-04 16:54:00,0.3776585171934105
2018-06-04 16:55:00,0.0
2018-06-04 16:56:00,1.3529411764705839
2018-06-04 16:57:00,0.0
2018-06-04 16:58:00,0.0
2018-06-04 16:59:00,0.0
2018-06-04 17:00:00,0.0
2018-06-04 17:01:00,0.0
2018-06-04 17:02:00,0.0
2018-06-04 17:03:00,0.0
2018-06-04 17:04:00,0.0
2018-06-04 17:05:00,0.0
2018-06-04 17:06:00,0.0
2018-06-04 17:07:00,0.0
2018-06-04 17:08:00,0.0
2018-06-04 17:09:00,0.0
2018-06-04 17:10:00,0.0
2018-06-04 17:11:00,0.0
2018-06-04 17:12:00,0.0
2018-06-04 17:13:00,0.0
2018-06-04 17:14:00,0.0
2018-06-04 17:15:00,0.0
2018-06-04 17:16:00,0.0
2018-06-04 17:17:00,0.0
2018-06-04 17:18:00,0.0
2018-06-04 17:19:00,0.0
2018-06-04 17:20:00,0.0
2018-06-04 17:21:00,0.0
2018-06-04 17:22:00,0.0
2018-06-04 17:23:00,0.0
2018-06-04 17:24:00,0.0
2018-06-04 17:25:00,0.0
2018-06-04 17:26:00,0.0
2018-06-04 17:27:00,0.0
2018-06-04 17:28:00,0.0
2018-06-04 17:29:00,0.0
2018-06-04 17:30:00,0.0
2018-06-04 17:31:00,0.0
2018-06-04 17:32:00,0.0
2018-06-04 17:33:00,0.0
2018-06-04 17:34:00,0.0
2018-06-04 17:35:00,0.0
2018-06-04 17:36:00,0.0
2018-06-04 17:37:00,0.0
2018-06-04 17:38:00,0.0
2018-06-04 17:39:00,0.0
2018-06-04 17:40:00,0.0
2018-06-04 17:41:00,0.0
2018-06-04 17:42:00,0.0
2018-06-04 17:43:00,0.0
2018-06-04 17:44:00,0.0
2018-06-04 17:45:00,0.01960399921583613
2018-06-04 17:46:00,0.0
2018-06-04 17:47:00,0.0
2018-06-04 17:48:00,0.0
2018-06-04 17:49:00,0.0
2018-06-04 17:50:00,0.0
2018-06-04 17:51:00,0.0
2018-06-04 17:52:00,0.0
2018-06-04 17:53:00,0.0
2018-06-04 17:54:00,0.0
2018-06-04 17:55:00,0.0
2018-06-04 17:56:00,0.0
2018-06-04 17:57:00,0.0
2018-06-04 17:58:00,0.0
2018-06-04 17:59:00,0.0
2018-06-04 18:00:00,0.0
2018-06-04 18:01:00,0.0
2018-06-04 18:02:00,0.0
2018-06-04 18:03:00,0.0
2018-06-04 18:04:00,0.0
2018-06-04 18:05:00,0.0
2018-06-04 18:06:00,0.0
2018-06-04 18:07:00,0.0
2018-06-04 18:08:00,0.0
2018-06-04 18:09:00,0.0
2018-06-04 18:10:00,0.0
2018-06-04 18:11:00,0.7007981312049824
2018-06-04 18:12:00,2.0964360587002124
2018-06-04 18:13:00,0.0
2018-06-04 18:14:00,0.0
2018-06-04 18:15:00,0.0
2018-06-04 18:16:00,-1.7254749903063213
2018-06-04 18:17:00,3.2633158289572433
2018-06-04 18:18:00,-0.9275033125118342
2018-06-04 18:19:00,2.021513353115733
2018-06-04 18:20:00,0.0
2018-06-04 18:21:00,0.0
2018-06-04 18:22:00,-2.8026692087702547
2018-06-04 18:23:00,1.4097744360902256
2018-06-04 18:24:00,0.15015015015014693
2018-06-04 18:25:00,-1.1389521640091143
2018-06-04 18:26:00,1.218826176636037
2018-06-04 18:27:00,-1.1570561456752644
2018-06-04 18:28:00,0.7530120481927685
2018-06-04 18:29:00,-0.34000755572346
2018-06-04 18:30:00,-0.7038234734639479
2018-06-04 18:31:00,0.0
2018-06-04 18:32:00,0.0
2018-06-04 18:33:00,0.0
2018-06-04 18:34:00,0.0
2018-06-04 18:35:00,0.0
2018-06-04 18:36:00,0.0
2018-06-04 18:37:00,0.0
2018-06-04 18:38:00,0.0
2018-06-04 18:39:00,0.0
2018-06-04 18:40:00,0.0
2018-06-04 18:41:00,0.8113207547169807
2018-06-04 18:42:00,-0.37878787878788417
2018-06-04 18:43:00,-0.38022813688212115
2018-06-04 18:44:00,0.4165088981446401
2018-06-04 18:45:00,0.0
2018-06-04 18:46:00,0.0
2018-06-04 18:47:00,0.0
2018-06-04 18:48:00,0.15122873345935406
2018-06-04 18:49:00,-0.284360189573457
2018-06-04 18:50:00,0.0
2018-06-04 18:51:00,-0.05690440060698243
2018-06-04 18:52:00,0.0
2018-06-04 18:53:00,0.0
2018-06-04 18:54:00,0.5470665912092042
2018-06-04 18:55:00,-0.6455287640022713
2018-06-04 18:56:00,-0.07600228006840043
2018-06-04 18:57:00,0.0
2018-06-04 18:58:00,-0.2667174699942857
2018-06-04 18:59:00,0.45514887161007944
2018-06-04 19:00:00,0.0
2018-06-04 19:01:00,-1.403846153846148
2018-06-04 19:02:00,0.0
2018-06-04 19:03:00,0.5165486894968493
2018-06-04 19:04:00,0.0
2018-06-04 19:05:00,-2.2696145568381993
2018-06-04 19:06:00,0.853540252182343
2018-06-04 19:07:00,-0.3503990656024912
2018-06-04 19:08:00,-0.44974579585451085
2018-06-04 19:09:00,0.33131943091015725
2018-06-04 19:10:00,0.17509727626458424
2018-06-04 19:11:00,0.7338740826574016
2018-06-04 19:12:00,-0.329393528385975
2018-06-04 19:13:00,1.3004398546567215
2018-06-04 19:14:00,0.0
2018-06-04 19:15:00,-0.44179792547060476
2018-06-04 19:16:00,0.0
2018-06-04 19:17:00,-0.6379277015271707
2018-06-04 19:18:00,0.038647342995175124
2018-06-04 19:19:00,0.09652509652509104
2018-06-04 19:20:00,-0.1353179972936406
2018-06-04 19:21:00,0.0
2018-06-04 19:22:00,0.0
2018-06-04 19:23:00,0.0
2018-06-04 19:24:00,0.0
2018-06-04 19:25:00,0.0
2018-06-04 19:26:00,0.0
2018-06-04 19:27:00,0.0
2018-06-04 19:28:00,0.0
2018-06-04 19:29:00,0.0
2018-06-04 19:30:00,0.0
2018-06-04 19:31:00,0.0
2018-06-04 19:32:00,-1.9712201852946976
2018-06-04 19:33:00,-0.7547169811320664
2018-06-04 19:34:00,0.35622402533148567
2018-06-04 19:35:00,0.5706414797323872
2018-06-04 19:36:00,1.2628715756751479
2018-06-04 19:37:00,-0.8424764890282127
2018-06-04 19:38:00,0.35142522452167063
2018-06-04 19:39:00,0.5050505050505012
2018-06-04 19:40:00,-0.5076142131979657
2018-06-04 19:41:00,0.19485580670304253
2018-06-04 19:42:00,-0.234374999999995
2018-06-04 19:43:00,0.0
2018-06-04 19:44:00,0.29211295034079565
2018-06-04 19:45:00,0.0
2018-06-04 19:46:00,-0.9435816787890781
2018-06-04 19:47:00,0.0
2018-06-04 19:48:00,-0.3155196213764476
2018-06-04 19:49:00,0.0
2018-06-04 19:50:00,0.4319654427645766
2018-06-04 19:51:00,-0.07860090391039329
2018-06-04 19:52:00,0.0
2018-06-04 19:53:00,0.0
2018-06-04 19:54:00,0.0
2018-06-04 19:55:00,0.0
2018-06-04 19:56:00,0.0
2018-06-04 19:57:00,0.0
2018-06-04 19:58:00,0.0
2018-06-04 19:59:00,0.0
2018-06-04 20:00:00,0.07853917141173992
2018-06-04 20:01:00,-0.2164502164502153
2018-06-04 20:02:00,0.11792452830189125
2018-06-04 20:03:00,-0.23640661938535176
2018-06-04 20:04:00,-0.059136605558843175
2018-06-04 20:05:00,-0.39580447259053186
2018-06-04 20:06:00,0.0
2018-06-04 20:07:00,0.0
2018-06-04 20:08:00,0.0
2018-06-04 20:09:00,0.0
2018-06-04 20:10:00,0.0
2018-06-04 20:11:00,0.0
2018-06-04 20:12:00,0.0
2018-06-04 20:13:00,0.0
2018-06-04 20:14:00,0.0
2018-06-04 20:15:00,0.0
2018-06-04 20:16:00,0.0
2018-06-04 20:17:00,0.0
2018-06-04 20:18:00,-0.3176493944808491
2018-06-04 20:19:00,0.0396904147648405
2018-06-04 20:20:00,-0.01984914648669712
2018-06-04 20:21:00,0.15854141894569618
2018-06-04 20:22:00,-0.11904761904762357
2018-06-04 20:23:00,0.15847860538826922
2018-06-04 20:24:00,-0.07930214115780956
2018-06-04 20:25:00,0.4539175054272824
2018-06-04 20:26:00,0.0
2018-06-04 20:27:00,-0.2770631308133793
2018-06-04 20:28:00,0.0
2018-06-04 20:29:00,0.0
2018-06-04 20:30:00,0.0
2018-06-04 20:31:00,0.0
2018-06-04 20:32:00,-0.27783290335384114
2018-06-04 20:33:00,0.0
2018-06-04 20:34:00,0.41501976284585146
2018-06-04 20:35:00,-0.39682539682540247
2018-06-04 20:36:00,0.6700827749310275
2018-06-04 20:37:00,-0.29650128483889815
2018-06-04 20:38:00,-0.41683207622072416
2018-06-04 20:39:00,0.21786492374727554
2018-06-04 20:40:00,0.07916089451810637
2018-06-04 20:41:00,-0.019794140934279513
2018-06-04 20:42:00,-0.2778880508138161
2018-06-04 20:43:00,0.21786492374727554
2018-06-04 20:44:00,-0.13883379611265426
2018-06-04 20:45:00,-0.09926543577527151
2018-06-04 20:46:00,0.0
2018-06-04 20:47:00,0.0
2018-06-04 20:48:00,0.0
2018-06-04 20:49:00,0.237670825906129
2018-06-04 20:50:00,-0.21834061135371066
2018-06-04 20:51:00,0.0
2018-06-04 20:52:00,0.0
2018-06-04 20:53:00,0.0
2018-06-04 20:54:00,0.0
2018-06-04 20:55:00,0.0
2018-06-04 20:56:00,0.0
2018-06-04 20:57:00,-0.059582919563060846
2018-06-04 20:58:00,0.0
2018-06-04 20:59:00,0.0
2018-06-04 21:00:00,0.0
2018-06-04 21:01:00,0.0
2018-06-04 21:02:00,0.0
2018-06-04 21:03:00,0.0
2018-06-04 21:04:00,0.0
2018-06-04 21:05:00,0.0
2018-06-04 21:06:00,0.0
2018-06-04 21:07:00,0.0
2018-06-04 21:08:00,0.0
2018-06-04 21:09:00,0.0
2018-06-04 21:10:00,0.0
2018-06-04 21:11:00,0.0
2018-06-04 21:12:00,0.03970617431009733
2018-06-04 21:13:00,0.0
2018-06-04 21:14:00,0.0
2018-06-04 21:15:00,0.0
2018-06-04 21:16:00,0.0
2018-06-04 21:17:00,0.0
2018-06-04 21:18:00,0.0
2018-06-04 21:19:00,0.0
2018-06-04 21:20:00,0.0
2018-06-04 21:21:00,0.0
2018-06-04 21:22:00,0.0
2018-06-04 21:23:00,0.0
2018-06-04 21:24:00,0.0
2018-06-04 21:25:00,0.0
2018-06-04 21:26:00,0.0
2018-06-04 21:27:00,0.0
2018-06-04 21:28:00,0.0
2018-06-04 21:29:00,-0.5389221556886148
2018-06-04 21:30:00,0.0
2018-06-04 21:31:00,0.0
2018-06-04 21:32:00,0.0
2018-06-04 21:33:00,0.0
2018-06-04 21:34:00,0.0
2018-06-04 21:35:00,-0.5822124071471575
2018-06-04 21:36:00,0.0
2018-06-04 21:37:00,0.0
2018-06-04 21:38:00,0.0
2018-06-04 21:39:00,0.0
2018-06-04 21:40:00,-1.4253716147424207
2018-06-04 21:41:00,0.0
2018-06-04 21:42:00,0.0
2018-06-04 21:43:00,0.0
2018-06-04 21:44:00,0.0
2018-06-04 21:45:00,0.0
2018-06-04 21:46:00,0.0
2018-06-04 21:47:00,0.28426395939086413
2018-06-04 21:48:00,0.0
2018-06-04 21:49:00,0.0
2018-06-04 21:50:00,0.0
2018-06-04 21:51:00,0.0
2018-06-04 21:52:00,0.0
2018-06-04 21:53:00,-1.0049220672682568
2018-06-04 21:54:00,-2.6310250473584507
2018-06-04 21:55:00,-0.1686696183849848
2018-06-04 21:56:00,-0.27484143763214075
2018-06-04 21:57:00,0.08449514152937526
2018-06-04 21:58:00,1.1691022964509294
2018-06-04 21:59:00,1.9045668646323974
2018-06-04 22:00:00,-0.22577996715927637
2018-06-04 22:01:00,-1.1627906976744233
2018-06-04 22:02:00,1.4729950900163788
2018-06-04 22:03:00,-0.762729334157915
2018-06-04 22:04:00,-1.2523481527864777
2018-06-04 22:05:00,-1.012017710309924
2018-06-04 22:06:00,0.0
2018-06-04 22:07:00,1.8418874172185442
2018-06-04 22:08:00,0.0
2018-06-04 22:09:00,0.0
2018-06-04 22:10:00,0.2065262288310645
2018-06-04 22:11:00,-0.9801876955161601
2018-06-04 22:12:00,0.0
2018-06-04 22:13:00,0.0
2018-06-04 22:14:00,0.0
2018-06-04 22:15:00,0.0
2018-06-04 22:16:00,0.0
2018-06-04 22:17:00,1.2358393408856732
2018-06-04 22:18:00,-1.1458333333333273
2018-06-04 22:19:00,0.7854485324514314
2018-06-04 22:20:00,-1.2133891213389234
2018-06-04 22:21:00,0.8092965345507378
2018-06-04 22:22:00,0.0
2018-06-04 22:23:00,0.7823759522338944
2018-06-04 22:24:00,-0.16498247061249388
2018-06-04 22:25:00,0.2468627854350904
2018-06-04 22:26:00,0.1643047853768706
2018-06-04 22:27:00,-0.12338062924119918
2018-06-04 22:28:00,0.0
2018-06-04 22:29:00,0.0
2018-06-04 22:30:00,-1.971063115957234
2018-06-04 22:31:00,0.0
2018-06-04 22:32:00,-0.5057955742887141
2018-06-04 22:33:00,-0.06326444538169788
2018-06-04 22:34:00,0.4408985933235373
2018-06-04 22:35:00,-0.5276487969607428
2018-06-04 22:36:00,0.3365586874211119
2018-06-04 22:37:00,0.0
2018-06-04 22:38:00,0.0
2018-06-04 22:39:00,0.0
2018-06-04 22:40:00,-0.3376952300548683
2018-06-04 22:41:00,0.0
2018-06-04 22:42:00,0.0
2018-06-04 22:43:00,0.0
2018-06-04 22:44:00,0.0
2018-06-04 22:45:00,0.14752370916754537
2018-06-04 22:46:00,0.0
2018-06-04 22:47:00,-0.1477416631490086
2018-06-04 22:48:00,0.8993934323363307
2018-06-04 22:49:00,0.0
2018-06-04 22:50:00,0.0
2018-06-04 22:51:00,0.0
2018-06-04 22:52:00,0.0
2018-06-04 22:53:00,0.0
2018-06-04 22:54:00,0.0
2018-06-04 22:55:00,0.0
2018-06-04 22:56:00,0.0
2018-06-04 22:57:00,0.0
2018-06-04 22:58:00,0.06270903010033682
2018-06-04 22:59:00,0.020898641588292605
2018-06-04 23:00:00,0.0626566416040124
2018-06-04 23:01:00,0.020881186051363562
2018-06-04 23:02:00,0.0
2018-06-04 23:03:00,0.0
2018-06-04 23:04:00,0.0
2018-06-04 23:05:00,0.0
2018-06-04 23:06:00,0.519318653926049
2018-06-04 23:07:00,0.0
2018-06-04 23:08:00,-1.2195121951219476
2018-06-04 23:09:00,0.0
2018-06-04 23:10:00,0.0
2018-06-04 23:11:00,0.0
2018-06-04 23:12:00,0.0
2018-06-04 23:13:00,-0.02103049421662485
2018-06-04 23:14:00,-0.042078687144952706
2018-06-04 23:15:00,0.0
2018-06-04 23:16:00,-0.8059384941675558
2018-06-04 23:17:00,0.5693800084352659
2018-06-04 23:18:00,-0.08442380751371707
2018-06-04 23:19:00,0.0
2018-06-04 23:20:00,0.10541851149061177
2018-06-04 23:21:00,0.0
2018-06-04 23:22:00,0.0
2018-06-04 23:23:00,-0.1266624445851853
2018-06-04 23:24:00,0.0422029964127519
2018-06-04 23:25:00,-0.12676949080921673
2018-06-04 23:26:00,-0.8523332623055584
2018-06-04 23:27:00,0.4032258064516081
2018-06-04 23:28:00,-0.1700680272108807
2018-06-04 23:29:00,-0.0851063829787216
2018-06-04 23:30:00,0.46590427784836697
2018-06-04 23:31:00,-0.2122241086587467
2018-06-04 23:32:00,0.10599957600170504
2018-06-04 23:33:00,-0.1486199575371556
2018-06-04 23:34:00,-0.10626992561106113
2018-06-04 23:35:00,0.0
2018-06-04 23:36:00,0.0
2018-06-04 23:37:00,0.0
2018-06-04 23:38:00,0.0
2018-06-04 23:39:00,0.0
2018-06-04 23:40:00,0.0
2018-06-04 23:41:00,0.0
2018-06-04 23:42:00,0.0
2018-06-04 23:43:00,0.0
2018-06-04 23:44:00,0.0
2018-06-04 23:45:00,0.0
2018-06-04 23:46:00,0.0
2018-06-04 23:47:00,0.0
2018-06-04 23:48:00,0.0
2018-06-04 23:49:00,0.0
2018-06-04 23:50:00,0.0
2018-06-04 23:51:00,0.0
2018-06-04 23:52:00,0.0
2018-06-04 23:53:00,0.0
2018-06-04 23:54:00,0.0
2018-06-04 23:55:00,0.0
2018-06-04 23:56:00,-0.9873363382700016
2018-06-04 23:57:00,0.10720411663807282
2018-06-04 23:58:00,0.0
2018-06-04 23:59:00,-0.30107526881720553
2018-06-05 00:00:00,0.0
2018-06-05 00:01:00,0.0
2018-06-05 00:02:00,-0.2587322121604084
2018-06-05 00:03:00,-0.021565667457418843
2018-06-05 00:04:00,0.3010105353687391
2018-06-05 00:05:00,0.0
2018-06-05 00:06:00,-0.06454388984509712
2018-06-05 00:07:00,-0.08613264427217732
2018-06-05 00:08:00,0.0
2018-06-05 00:09:00,0.0
2018-06-05 00:10:00,0.0
2018-06-05 00:11:00,0.0
2018-06-05 00:12:00,0.12903225806452104
2018-06-05 00:13:00,0.0
2018-06-05 00:14:00,0.0
2018-06-05 00:15:00,0.0
2018-06-05 00:16:00,0.0
2018-06-05 00:17:00,0.0
2018-06-05 00:18:00,0.0
2018-06-05 00:19:00,0.0
2018-06-05 00:20:00,0.0
2018-06-05 00:21:00,0.0
2018-06-05 00:22:00,-0.23712006898038246
2018-06-05 00:23:00,-0.6072435480373046
2018-06-05 00:24:00,0.0
2018-06-05 00:25:00,0.0
2018-06-05 00:26:00,0.0
2018-06-05 00:27:00,0.0
2018-06-05 00:28:00,0.0
2018-06-05 00:29:00,0.0
2018-06-05 00:30:00,0.0
2018-06-05 00:31:00,0.0
2018-06-05 00:32:00,0.0
2018-06-05 00:33:00,0.0
2018-06-05 00:34:00,0.0
2018-06-05 00:35:00,0.0
2018-06-05 00:36:00,0.0
2018-06-05 00:37:00,0.0
2018-06-05 00:38:00,0.0
2018-06-05 00:39:00,0.0
2018-06-05 00:40:00,-0.04339336081578655
2018-06-05 00:41:00,0.796383986224704
2018-06-05 00:42:00,-0.19409100711667765
2018-06-05 00:43:00,0.1722282023681494
2018-06-05 00:44:00,0.0
2018-06-05 00:45:00,0.450064294899258
2018-06-05 00:46:00,-0.43047783039172566
2018-06-05 00:47:00,0.0
2018-06-05 00:48:00,0.0
2018-06-05 00:49:00,0.0
2018-06-05 00:50:00,0.0
2018-06-05 00:51:00,0.0
2018-06-05 00:52:00,0.0
2018-06-05 00:53:00,-0.19409100711667765
2018-06-05 00:54:00,0.1722282023681494
2018-06-05 00:55:00,0.450064294899258
2018-06-05 00:56:00,-0.06433626420757887
2018-06-05 00:57:00,-1.2375162831089888
2018-06-05 00:58:00,0.0
2018-06-05 00:59:00,0.6042296072507577
2018-06-05 01:00:00,0.5152425933877091
2018-06-05 01:01:00,0.0
2018-06-05 01:02:00,0.0
2018-06-05 01:03:00,0.10722710701266194
2018-06-05 01:04:00,0.0
2018-06-05 01:05:00,-0.15034364261168445
2018-06-05 01:06:00,-0.021482277121385857
2018-06-05 01:07:00,0.06440532417346745
2018-06-05 01:08:00,-0.1289767841788374
2018-06-05 01:09:00,0.10736525660295718
2018-06-05 01:10:00,0.08581849388543049
2018-06-05 01:11:00,0.04289084280506782
2018-06-05 01:12:00,-0.08585533376260816
2018-06-05 01:13:00,0.0
2018-06-05 01:14:00,0.0
2018-06-05 01:15:00,0.0
2018-06-05 01:16:00,0.0
2018-06-05 01:17:00,-0.06443298969072409
2018-06-05 01:18:00,0.021473051320588386
2018-06-05 01:19:00,0.0
2018-06-05 01:20:00,0.0
2018-06-05 01:21:00,0.0
2018-06-05 01:22:00,0.0
2018-06-05 01:23:00,0.0
2018-06-05 01:24:00,0.0
2018-06-05 01:25:00,0.5551996583386676
2018-06-05 01:26:00,-0.6231198968629118
2018-06-05 01:27:00,-0.04299226139294071
2018-06-05 01:28:00,0.08591065292096037
2018-06-05 01:29:00,-0.12903225806452104
2018-06-05 01:30:00,0.021500752526334144
2018-06-05 01:31:00,-0.021505376344081745
2018-06-05 01:32:00,-0.5622837370242172
2018-06-05 01:33:00,0.6018916595012922
2018-06-05 01:34:00,0.0
2018-06-05 01:35:00,0.0
2018-06-05 01:36:00,0.0
2018-06-05 01:37:00,-0.7580680095300009
2018-06-05 01:38:00,0.0
2018-06-05 01:39:00,-0.13012361743656967
2018-06-05 01:40:00,0.0
2018-06-05 01:41:00,0.0
2018-06-05 01:42:00,0.06501950585175799
2018-06-05 01:43:00,0.0
2018-06-05 01:44:00,0.0
2018-06-05 01:45:00,0.06497725795971655
2018-06-05 01:46:00,-0.06501950585175799
2018-06-05 01:47:00,0.6459948320413376
2018-06-05 01:48:00,-0.12936610608019655
2018-06-05 01:49:00,0.21514629948363667
2018-06-05 01:50:00,0.0
2018-06-05 01:51:00,0.0
2018-06-05 01:52:00,0.0
2018-06-05 01:53:00,0.0
2018-06-05 01:54:00,0.0
2018-06-05 01:55:00,0.0
2018-06-05 01:56:00,0.0
2018-06-05 01:57:00,-0.5625270445694461
2018-06-05 01:58:00,0.0
2018-06-05 01:59:00,-1.9858781994704293
2018-06-05 02:00:00,0.6140350877193007
2018-06-05 02:01:00,-0.7289595758780612
2018-06-05 02:02:00,0.6147091108671658
2018-06-05 02:03:00,-0.3746143675627911
2018-06-05 02:04:00,-0.7548845470692793
2018-06-05 02:05:00,0.28780163825548494
2018-06-05 02:06:00,1.5260518857641068
2018-06-05 02:07:00,-1.5272244355909645
2018-06-05 02:08:00,0.5064963664391035
2018-06-05 02:09:00,0.26356248627279716
2018-06-05 02:10:00,-0.5299183042614308
2018-06-05 02:11:00,0.0882417824840043
2018-06-05 02:12:00,0.0
2018-06-05 02:13:00,-2.2558087074216107
2018-06-05 02:14:00,-0.045136538027524306
2018-06-05 02:15:00,0.0
2018-06-05 02:16:00,0.0
2018-06-05 02:17:00,0.0
2018-06-05 02:18:00,0.0
2018-06-05 02:19:00,0.0
2018-06-05 02:20:00,0.9611086276262846
2018-06-05 02:21:00,0.5777777777777733
2018-06-05 02:22:00,-0.5361930294906211
2018-06-05 02:23:00,0.0
2018-06-05 02:24:00,-0.13422818791945226
2018-06-05 02:25:00,0.0
2018-06-05 02:26:00,0.0
2018-06-05 02:27:00,0.0
2018-06-05 02:28:00,0.15635470180924788
2018-06-05 02:29:00,0.24509803921568502
2018-06-05 02:30:00,-0.3577817531305986
2018-06-05 02:31:00,-0.1567749160134385
2018-06-05 02:32:00,0.31256977003795616
2018-06-05 02:33:00,0.0
2018-06-05 02:34:00,-1.7723244717109774
2018-06-05 02:35:00,0.0
2018-06-05 02:36:00,-0.4106776180698146
2018-06-05 02:37:00,-0.06849315068493411
2018-06-05 02:38:00,-0.02283626398720715
2018-06-05 02:39:00,-0.9916974169741691
2018-06-05 02:40:00,1.027162748231004
2018-06-05 02:41:00,-1.3651087459509565
2018-06-05 02:42:00,-0.37157454714351273
2018-06-05 02:43:00,0.2316960148285318
2018-06-05 02:44:00,0.0
2018-06-05 02:45:00,0.758795125316177
2018-06-05 02:46:00,-0.6014341892204607
2018-06-05 02:47:00,0.0
2018-06-05 02:48:00,0.0
2018-06-05 02:49:00,0.0
2018-06-05 02:50:00,0.36874855957594765
2018-06-05 02:51:00,0.0
2018-06-05 02:52:00,-0.5329008341056626
2018-06-05 02:53:00,0.0
2018-06-05 02:54:00,0.0
2018-06-05 02:55:00,0.0
2018-06-05 02:56:00,0.0
2018-06-05 02:57:00,-0.04636068613814562
2018-06-05 02:58:00,0.0
2018-06-05 02:59:00,-0.44237485448195046
2018-06-05 03:00:00,-0.11655011655012648
2018-06-05 03:01:00,-0.1400560224089523
2018-06-05 03:02:00,0.256111757857973
2018-06-05 03:03:00,-0.16324626865671707
2018-06-05 03:04:00,-0.5864414731409805
2018-06-05 03:05:00,0.0
2018-06-05 03:06:00,0.883515461520566
2018-06-05 03:07:00,-0.4906542056074787
2018-06-05 03:08:00,-0.23419203747071268
2018-06-05 03:09:00,0.35005834305717287
2018-06-05 03:10:00,0.0932618325950085
2018-06-05 03:11:00,0.0
2018-06-05 03:12:00,0.0
2018-06-05 03:13:00,-0.8939073159256705
2018-06-05 03:14:00,0.0
2018-06-05 03:15:00,0.023518344308572706
2018-06-05 03:16:00,0.0
2018-06-05 03:17:00,-0.9496676163342965
2018-06-05 03:18:00,-0.1902949571836306
2018-06-05 03:19:00,-0.3101884991648833
2018-06-05 03:20:00,-0.1673040152963508
2018-06-05 03:21:00,0.0
2018-06-05 03:22:00,0.0
2018-06-05 03:23:00,0.5939653124257543
2018-06-05 03:24:00,0.0
2018-06-05 03:25:00,0.0
2018-06-05 03:26:00,0.0
2018-06-05 03:27:00,0.0
2018-06-05 03:28:00,0.0
2018-06-05 03:29:00,0.0
2018-06-05 03:30:00,0.0
2018-06-05 03:31:00,-4.675453867197222
2018-06-05 03:32:00,1.0337189269013085
2018-06-05 03:33:00,-4.878678368611256
2018-06-05 03:34:00,1.7250126839167927
2018-06-05 03:35:00,-0.7926361544362114
2018-06-05 03:36:00,0.45813184016289066
2018-06-05 03:37:00,-0.050929462694158434
2018-06-05 03:38:00,1.7758879439719704
2018-06-05 03:39:00,0.29925187032420086
2018-06-05 03:40:00,-0.45090180360721366
2018-06-05 03:41:00,-1.6552075375604751
2018-06-05 03:42:00,2.1674140508221162
2018-06-05 03:43:00,0.37230081906179846
2018-06-05 03:44:00,-0.3237051792828749
2018-06-05 03:45:00,1.4478527607362048
2018-06-05 03:46:00,0.0
2018-06-05 03:47:00,0.0
2018-06-05 03:48:00,0.0
2018-06-05 03:49:00,0.0
2018-06-05 03:50:00,0.0
2018-06-05 03:51:00,0.0
2018-06-05 03:52:00,0.0
2018-06-05 03:53:00,0.0
2018-06-05 03:54:00,-0.8663366336633699
2018-06-05 03:55:00,-0.3228209585299117
2018-06-05 03:56:00,0.39574573336630375
2018-06-05 03:57:00,-1.3283208020050155
2018-06-05 03:58:00,1.0907288051561845
2018-06-05 03:59:00,0.0
2018-06-05 04:00:00,-0.7996001999000506
2018-06-05 04:01:00,0.0
2018-06-05 04:02:00,0.0
2018-06-05 04:03:00,-0.856854838709686
2018-06-05 04:04:00,0.0
2018-06-05 04:05:00,0.5762966675018714
2018-06-05 04:06:00,-0.706535452939677
2018-06-05 04:07:00,0.9249999999999935
2018-06-05 04:08:00,-0.7302946361118084
2018-06-05 04:09:00,0.4013042387760135
2018-06-05 04:10:00,-0.1507159005274935
2018-06-05 04:11:00,0.3005259203606247
2018-06-05 04:12:00,0.025037556334496773
2018-06-05 04:13:00,-0.3013561024610684
2018-06-05 04:14:00,0.0
2018-06-05 04:15:00,0.0
2018-06-05 04:16:00,0.0
2018-06-05 04:17:00,0.0
2018-06-05 04:18:00,0.0
2018-06-05 04:19:00,0.0
2018-06-05 04:20:00,0.0
2018-06-05 04:21:00,-1.8414322250639357
2018-06-05 04:22:00,0.0
2018-06-05 04:23:00,0.0
2018-06-05 04:24:00,0.45824847250509093
2018-06-05 04:25:00,-0.3064351378958237
2018-06-05 04:26:00,-0.07666751852796838
2018-06-05 04:27:00,0.0
2018-06-05 04:28:00,0.0
2018-06-05 04:29:00,0.0
2018-06-05 04:30:00,0.0
2018-06-05 04:31:00,0.0
2018-06-05 04:32:00,0.0
2018-06-05 04:33:00,0.0
2018-06-05 04:34:00,0.0
2018-06-05 04:35:00,0.0
2018-06-05 04:36:00,-0.2562131693569086
2018-06-05 04:37:00,-0.05126890540887753
2018-06-05 04:38:00,0.0
2018-06-05 04:39:00,0.0
2018-06-05 04:40:00,0.0
2018-06-05 04:41:00,0.0
2018-06-05 04:42:00,0.0
2018-06-05 04:43:00,0.0
2018-06-05 04:44:00,0.0
2018-06-05 04:45:00,0.0
2018-06-05 04:46:00,0.0
2018-06-05 04:47:00,0.0
2018-06-05 04:48:00,0.0
2018-06-05 04:49:00,-0.43769309989699945
2018-06-05 04:50:00,0.0
2018-06-05 04:51:00,0.0
2018-06-05 04:52:00,0.0
2018-06-05 04:53:00,1.1201629327902183
2018-06-05 04:54:00,-1.6037247801345178
2018-06-05 04:55:00,1.528273051451863
2018-06-05 04:56:00,0.0
2018-06-05 04:57:00,0.0
2018-06-05 04:58:00,0.0
2018-06-05 04:59:00,-0.9254498714652942
2018-06-05 05:00:00,0.0
2018-06-05 05:01:00,0.0
2018-06-05 05:02:00,0.0
2018-06-05 05:03:00,0.0
2018-06-05 05:04:00,0.0
2018-06-05 05:05:00,0.0
2018-06-05 05:06:00,0.9674134419552
2018-06-05 05:07:00,0.0
2018-06-05 05:08:00,0.0
2018-06-05 05:09:00,3.5837015218458537
2018-06-05 05:10:00,-3.0609663546673436
2018-06-05 05:11:00,-0.8161183371588887
2018-06-05 05:12:00,-1.0567010309278446
2018-06-05 05:13:00,1.3224821973550436
2018-06-05 05:14:00,0.0
2018-06-05 05:15:00,-1.4709677419354847
2018-06-05 05:16:00,0.15459933006957555
2018-06-05 05:17:00,0.538185545873913
2018-06-05 05:18:00,0.10240655401945506
2018-06-05 05:19:00,0.2043944813489992
2018-06-05 05:20:00,0.0
2018-06-05 05:21:00,1.6829942225571506
2018-06-05 05:22:00,0.5247376311844099
2018-06-05 05:23:00,0.0
2018-06-05 05:24:00,3.122730573710964
2018-06-05 05:25:00,0.0
2018-06-05 05:26:00,0.0
2018-06-05 05:27:00,-1.3245033112582758
2018-06-05 05:28:00,0.9234507897934277
2018-06-05 05:29:00,0.9150012039489588
2018-06-05 05:30:00,1.0719390185802662
2018-06-05 05:31:00,0.0
2018-06-05 05:32:00,-0.768122899663947
2018-06-05 05:33:00,0.5253104106972444
2018-06-05 05:34:00,0.0
2018-06-05 05:35:00,0.0
2018-06-05 05:36:00,0.0
2018-06-05 05:37:00,-0.1434720229555291
2018-06-05 05:38:00,-1.8261504747991233
2018-06-05 05:39:00,1.6993776926759234
2018-06-05 05:40:00,0.0
2018-06-05 05:41:00,-0.3844305622297062
2018-06-05 05:42:00,0.04803073967339848
2018-06-05 05:43:00,0.0
2018-06-05 05:44:00,-0.0961538461538441
2018-06-05 05:45:00,-0.48309178743962045
2018-06-05 05:46:00,0.0
2018-06-05 05:47:00,0.40894876112581596
2018-06-05 05:48:00,0.0
2018-06-05 05:49:00,-0.09631591620515086
2018-06-05 05:50:00,0.0
2018-06-05 05:51:00,0.0
2018-06-05 05:52:00,0.0
2018-06-05 05:53:00,0.0
2018-06-05 05:54:00,0.0
2018-06-05 05:55:00,0.0
2018-06-05 05:56:00,0.0
2018-06-05 05:57:00,0.740917782026774
2018-06-05 05:58:00,-0.5769230769230818
2018-06-05 05:59:00,0.0
2018-06-05 06:00:00,2.6672905942910634
2018-06-05 06:01:00,-1.568441064638792
2018-06-05 06:02:00,0.0
2018-06-05 06:03:00,1.081335213916316
2018-06-05 06:04:00,0.0
2018-06-05 06:05:00,0.0
2018-06-05 06:06:00,0.0
2018-06-05 06:07:00,0.0
2018-06-05 06:08:00,0.0
2018-06-05 06:09:00,1.0006981615080282
2018-06-05 06:10:00,-0.7502930832356396
2018-06-05 06:11:00,0.0
2018-06-05 06:12:00,-0.9467455621301742
2018-06-05 06:13:00,0.4711425206124919
2018-06-05 06:14:00,-0.47337278106509545
2018-06-05 06:15:00,0.6349952963311456
2018-06-05 06:16:00,-0.3303445021236446
2018-06-05 06:17:00,-0.07083825265643716
2018-06-05 06:18:00,0.0
2018-06-05 06:19:00,1.0282776349614342
2018-06-05 06:20:00,0.0
2018-06-05 06:21:00,0.0
2018-06-05 06:22:00,-0.8484562809333006
2018-06-05 06:23:00,-0.023573785950018883
2018-06-05 06:24:00,0.7254856073016503
2018-06-05 06:25:00,-0.49388523047975946
2018-06-05 06:26:00,-0.6867156050201427
2018-06-05 06:27:00,0.6119086843963405
2018-06-05 06:28:00,-2.09034118212399
2018-06-05 06:29:00,0.0
2018-06-05 06:30:00,0.6208213944603751
2018-06-05 06:31:00,0.0
2018-06-05 06:32:00,0.0
2018-06-05 06:33:00,-0.38350910834133195
2018-06-05 06:34:00,0.7847800237812088
2018-06-05 06:35:00,0.0
2018-06-05 06:36:00,0.0
2018-06-05 06:37:00,0.0
2018-06-05 06:38:00,0.0
2018-06-05 06:39:00,0.0
2018-06-05 06:40:00,-1.8406393799951515
2018-06-05 06:41:00,0.7213272421255211
2018-06-05 06:42:00,-0.45893719806764455
2018-06-05 06:43:00,-2.272727272727277
2018-06-05 06:44:00,1.1718750000000098
2018-06-05 06:45:00,-0.19569471624265727
2018-06-05 06:46:00,0.09775171065493438
2018-06-05 06:47:00,0.9200968523002312
2018-06-05 06:48:00,-0.48661800486616963
2018-06-05 06:49:00,0.12150668286755081
2018-06-05 06:50:00,-0.07295719844358253
2018-06-05 06:51:00,0.0
2018-06-05 06:52:00,-0.09737098344693075
2018-06-05 06:53:00,0.0
2018-06-05 06:54:00,0.0
2018-06-05 06:55:00,-1.4822134387351815
2018-06-05 06:56:00,1.2923677151914197
2018-06-05 06:57:00,-0.09763241396143311
2018-06-05 06:58:00,0.0
2018-06-05 06:59:00,0.0
2018-06-05 07:00:00,-0.5398773006134941
2018-06-05 07:01:00,0.0
2018-06-05 07:02:00,0.4154447702834841
2018-06-05 07:03:00,0.0
2018-06-05 07:04:00,0.0
2018-06-05 07:05:00,-0.12233912405188221
2018-06-05 07:06:00,-0.19612650159352366
2018-06-05 07:07:00,0.0979671809943648
2018-06-05 07:08:00,0.0
2018-06-05 07:09:00,0.0
2018-06-05 07:10:00,0.0
2018-06-05 07:11:00,-0.14716703458424127
2018-06-05 07:12:00,0.22026431718060768
2018-06-05 07:13:00,-0.09799118079372648
2018-06-05 07:14:00,0.0
2018-06-05 07:15:00,0.0
2018-06-05 07:16:00,-0.024503798088698875
2018-06-05 07:17:00,0.0
2018-06-05 07:18:00,0.0
2018-06-05 07:19:00,0.0
2018-06-05 07:20:00,-0.0981113563895
2018-06-05 07:21:00,0.0
2018-06-05 07:22:00,0.17140058765915836
2018-06-05 07:23:00,-0.07351139426611403
2018-06-05 07:24:00,0.0
2018-06-05 07:25:00,0.2931834839970619
2018-06-05 07:26:00,0.0
2018-06-05 07:27:00,0.0
2018-06-05 07:28:00,0.0
2018-06-05 07:29:00,0.0
2018-06-05 07:30:00,-0.4663721158566463
2018-06-05 07:31:00,0.29368575624081605
2018-06-05 07:32:00,-0.04897159647403531
2018-06-05 07:33:00,0.0
2018-06-05 07:34:00,0.0
2018-06-05 07:35:00,0.0
2018-06-05 07:36:00,0.0
2018-06-05 07:37:00,0.0
2018-06-05 07:38:00,0.0
2018-06-05 07:39:00,0.0
2018-06-05 07:40:00,0.0
2018-06-05 07:41:00,0.0
2018-06-05 07:42:00,0.0
2018-06-05 07:43:00,0.0
2018-06-05 07:44:00,-0.8893280632411229
2018-06-05 07:45:00,0.0
2018-06-05 07:46:00,0.0
2018-06-05 07:47:00,0.638193421698589
2018-06-05 07:48:00,0.90002432498175
2018-06-05 07:49:00,-0.7598039215686331
2018-06-05 07:50:00,-0.07358351729211192
2018-06-05 07:51:00,0.02452182442373225
2018-06-05 07:52:00,0.0
2018-06-05 07:53:00,0.0
2018-06-05 07:54:00,0.0
2018-06-05 07:55:00,0.0
2018-06-05 07:56:00,0.0
2018-06-05 07:57:00,0.0
2018-06-05 07:58:00,0.7302823758519892
2018-06-05 07:59:00,0.0
2018-06-05 08:00:00,0.0
2018-06-05 08:01:00,0.0
2018-06-05 08:02:00,0.0
2018-06-05 08:03:00,0.0
2018-06-05 08:04:00,0.0
2018-06-05 08:05:00,0.0
2018-06-05 08:06:00,0.0
2018-06-05 08:07:00,0.0
2018-06-05 08:08:00,0.0
2018-06-05 08:09:00,0.0
2018-06-05 08:10:00,0.0
2018-06-05 08:11:00,1.4158867290616832
2018-06-05 08:12:00,0.0
2018-06-05 08:13:00,0.0
2018-06-05 08:14:00,0.0
2018-06-05 08:15:00,0.0
2018-06-05 08:16:00,0.8329366968110458
2018-06-05 08:17:00,-0.7190795781399911
2018-06-05 08:18:00,-0.07195970256656546
2018-06-05 08:19:00,0.0
2018-06-05 08:20:00,-0.023992322456809045
2018-06-05 08:21:00,0.14374700527072898
2018-06-05 08:22:00,-0.047938638542672884
2018-06-05 08:23:00,-0.3125751382543771
2018-06-05 08:24:00,0.23986567522186214
2018-06-05 08:25:00,0.047950131862870116
2018-06-05 08:26:00,-0.2162421912542129
2018-06-05 08:27:00,0.28749401054145796
2018-06-05 08:28:00,-0.047938638542672884
2018-06-05 08:29:00,0.0
2018-06-05 08:30:00,0.0
2018-06-05 08:31:00,0.02396357536543976
2018-06-05 08:32:00,-0.8945841392649841
2018-06-05 08:33:00,0.5291005291005264
2018-06-05 08:34:00,0.0
2018-06-05 08:35:00,-0.3862868179623288
2018-06-05 08:36:00,0.024137098720728965
2018-06-05 08:37:00,0.4565112926477601
2018-06-05 08:38:00,0.0
2018-06-05 08:39:00,-0.7016694894749556
2018-06-05 08:40:00,0.3856350927934531
2018-06-05 08:41:00,0.0
2018-06-05 08:42:00,0.0
2018-06-05 08:43:00,0.8838987099856603
2018-06-05 08:44:00,0.0
2018-06-05 08:45:00,0.0
2018-06-05 08:46:00,-0.600817111271329
2018-06-05 08:47:00,-0.26506024096385405
2018-06-05 08:48:00,0.4079673626109952
2018-06-05 08:49:00,-0.07204610951008918
2018-06-05 08:50:00,0.0
2018-06-05 08:51:00,-0.5068790731354111
2018-06-05 08:52:00,0.4804227720394015
2018-06-05 08:53:00,-0.19253910950663153
2018-06-05 08:54:00,0.21613832853026754
2018-06-05 08:55:00,-0.14430014430014976
2018-06-05 08:56:00,0.14409221902017835
2018-06-05 08:57:00,0.0
2018-06-05 08:58:00,1.2802275960170677
2018-06-05 08:59:00,-0.28530670470755454
2018-06-05 09:00:00,-0.35790980672871797
2018-06-05 09:01:00,0.04769854519437903
2018-06-05 09:02:00,-0.07159904534606477
2018-06-05 09:03:00,0.11918951132301374
2018-06-05 09:04:00,0.7100591715976264
2018-06-05 09:05:00,-0.8112622285850715
2018-06-05 09:06:00,-0.07163323782233531
2018-06-05 09:07:00,0.16686531585220568
2018-06-05 09:08:00,0.26153114598192917
2018-06-05 09:09:00,0.0
2018-06-05 09:10:00,0.0
2018-06-05 09:11:00,0.0
2018-06-05 09:12:00,0.0
2018-06-05 09:13:00,0.0
2018-06-05 09:14:00,0.0
2018-06-05 09:15:00,-0.6942781900885782
2018-06-05 09:16:00,-1.8035583719229882
2018-06-05 09:17:00,0.36425449247207037
2018-06-05 09:18:00,0.0
2018-06-05 09:19:00,1.4124970074216026
2018-06-05 09:20:00,-0.04790419161677395
2018-06-05 09:21:00,-0.28825366322363066
2018-06-05 09:22:00,-0.6771463119709822
2018-06-05 09:23:00,0.16900048285852315
2018-06-05 09:24:00,-0.024148756339060894
2018-06-05 09:25:00,0.168756027000965
2018-06-05 09:26:00,0.0
2018-06-05 09:27:00,0.0
2018-06-05 09:28:00,-0.6063545961678389
2018-06-05 09:29:00,0.0
2018-06-05 09:30:00,0.0
2018-06-05 09:31:00,0.7462686567164234
2018-06-05 09:32:00,-0.3139338324076372
2018-06-05 09:33:00,0.0
2018-06-05 09:34:00,0.743048897411319
2018-06-05 09:35:00,-0.7729468599033823
2018-06-05 09:36:00,0.16879672052085914
2018-06-05 09:37:00,0.0
2018-06-05 09:38:00,0.0
2018-06-05 09:39:00,0.1444738743077348
2018-06-05 09:40:00,-0.04818116116599164
2018-06-05 09:41:00,0.0
2018-06-05 09:42:00,0.16835016835016903
2018-06-05 09:43:00,0.35945363048166445
2018-06-05 09:44:00,0.0
2018-06-05 09:45:00,0.0
2018-06-05 09:46:00,0.0
2018-06-05 09:47:00,0.0
2018-06-05 09:48:00,0.0
2018-06-05 09:49:00,0.0
2018-06-05 09:50:00,-2.004399902224396
2018-06-05 09:51:00,-0.07338551859098344
2018-06-05 09:52:00,0.09775171065493438
2018-06-05 09:53:00,-0.24497795198432487
2018-06-05 09:54:00,0.9463722397476355
2018-06-05 09:55:00,-0.6595017098192554
2018-06-05 09:56:00,0.0
2018-06-05 09:57:00,0.0
2018-06-05 09:58:00,0.0
2018-06-05 09:59:00,-0.4416094210009807
2018-06-05 10:00:00,0.0
2018-06-05 10:01:00,0.0
2018-06-05 10:02:00,0.0
2018-06-05 10:03:00,0.0
2018-06-05 10:04:00,0.0
2018-06-05 10:05:00,0.0
2018-06-05 10:06:00,0.46398046398047577
2018-06-05 10:07:00,-0.02442598925257723
2018-06-05 10:08:00,-0.024431956999750818
2018-06-05 10:09:00,0.0
2018-06-05 10:10:00,0.0
2018-06-05 10:11:00,0.0
2018-06-05 10:12:00,0.0
2018-06-05 10:13:00,0.0
2018-06-05 10:14:00,0.0
2018-06-05 10:15:00,0.0
2018-06-05 10:16:00,0.0
2018-06-05 10:17:00,0.0
2018-06-05 10:18:00,0.0
2018-06-05 10:19:00,0.0
2018-06-05 10:20:00,0.0
2018-06-05 10:21:00,0.0
2018-06-05 10:22:00,-0.14680694886225173
2018-06-05 10:23:00,0.0
2018-06-05 10:24:00,0.0
2018-06-05 10:25:00,0.0
2018-06-05 10:26:00,-0.12248897599215375
2018-06-05 10:27:00,-0.9147095179233558
2018-06-05 10:28:00,-2.664974619289351
2018-06-05 10:29:00,0.2784105289800036
2018-06-05 10:30:00,0.9526197041865194
2018-06-05 10:31:00,-0.40271834885477903
2018-06-05 10:32:00,-0.22704339051462236
2018-06-05 10:33:00,-0.4052684903748828
2018-06-05 10:34:00,0.9036144578313415
2018-06-05 10:35:00,0.0
2018-06-05 10:36:00,0.0
2018-06-05 10:37:00,0.9940357852882667
2018-06-05 10:38:00,-1.8734177215189922
2018-06-05 10:39:00,-0.10136847440445805
2018-06-05 10:40:00,0.27798837503158813
2018-06-05 10:41:00,-0.25335697998480217
2018-06-05 10:42:00,-0.10144559979710663
2018-06-05 10:43:00,0.3034134007585271
2018-06-05 10:44:00,-0.3552397868561294
2018-06-05 10:45:00,0.0
2018-06-05 10:46:00,-0.2798982188295151
2018-06-05 10:47:00,0.0
2018-06-05 10:48:00,0.0
2018-06-05 10:49:00,0.0
2018-06-05 10:50:00,0.0
2018-06-05 10:51:00,1.3554216867470037
2018-06-05 10:52:00,0.0
2018-06-05 10:53:00,0.1753946379353375
2018-06-05 10:54:00,0.15011258443833445
2018-06-05 10:55:00,-0.20055151667084056
2018-06-05 10:56:00,0.0
2018-06-05 10:57:00,0.0
2018-06-05 10:58:00,0.07515030060120524
2018-06-05 10:59:00,0.0
2018-06-05 11:00:00,0.0
2018-06-05 11:01:00,0.0
2018-06-05 11:02:00,0.0
2018-06-05 11:03:00,0.0
2018-06-05 11:04:00,0.0
2018-06-05 11:05:00,0.0
2018-06-05 11:06:00,0.0
2018-06-05 11:07:00,0.0
2018-06-05 11:08:00,0.0
2018-06-05 11:09:00,0.0
2018-06-05 11:10:00,0.0
2018-06-05 11:11:00,0.0
2018-06-05 11:12:00,0.0
2018-06-05 11:13:00,0.0
2018-06-05 11:14:00,0.0
2018-06-05 11:15:00,0.0
2018-06-05 11:16:00,0.0
2018-06-05 11:17:00,0.0
2018-06-05 11:18:00,0.0
2018-06-05 11:19:00,0.0
2018-06-05 11:20:00,0.0
2018-06-05 11:21:00,0.0
2018-06-05 11:22:00,0.0
2018-06-05 11:23:00,0.0
2018-06-05 11:24:00,0.0
2018-06-05 11:25:00,0.0
2018-06-05 11:26:00,0.0
2018-06-05 11:27:00,0.0
2018-06-05 11:28:00,0.0
2018-06-05 11:29:00,0.0
2018-06-05 11:30:00,0.0
2018-06-05 11:31:00,0.0
2018-06-05 11:32:00,0.0
2018-06-05 11:33:00,0.0
2018-06-05 11:34:00,0.0
2018-06-05 11:35:00,0.0
2018-06-05 11:36:00,0.0
2018-06-05 11:37:00,0.0
2018-06-05 11:38:00,0.0
2018-06-05 11:39:00,0.0
2018-06-05 11:40:00,0.0
2018-06-05 11:41:00,0.0
2018-06-05 11:42:00,0.0
2018-06-05 11:43:00,0.0
2018-06-05 11:44:00,0.0
2018-06-05 11:45:00,0.0
2018-06-05 11:46:00,0.0
2018-06-05 11:47:00,0.0
2018-06-05 11:48:00,0.0
2018-06-05 11:49:00,0.0
2018-06-05 11:50:00,0.0
2018-06-05 11:51:00,0.0
2018-06-05 11:52:00,0.0
2018-06-05 11:53:00,0.0
2018-06-05 11:54:00,0.0
2018-06-05 11:55:00,0.0
2018-06-05 11:56:00,0.0
2018-06-05 11:57:00,0.0
2018-06-05 11:58:00,0.0
2018-06-05 11:59:00,0.0
2018-06-05 12:00:00,0.0
2018-06-05 12:01:00,0.0
2018-06-05 12:02:00,-1.7588580168238717
2018-06-05 12:03:00,0.0
2018-06-05 12:04:00,0.0
2018-06-05 12:05:00,0.0
2018-06-05 12:06:00,0.0
2018-06-05 12:07:00,0.0
2018-06-05 12:08:00,0.0
2018-06-05 12:09:00,0.0
2018-06-05 12:10:00,0.0
2018-06-05 12:11:00,0.0
2018-06-05 12:12:00,0.0
2018-06-05 12:13:00,0.0
2018-06-05 12:14:00,0.0
2018-06-05 12:15:00,0.0
2018-06-05 12:16:00,0.0
2018-06-05 12:17:00,0.0
2018-06-05 12:18:00,0.0
2018-06-05 12:19:00,0.0
2018-06-05 12:20:00,0.0
2018-06-05 12:21:00,0.0
2018-06-05 12:22:00,0.0
2018-06-05 12:23:00,0.0
2018-06-05 12:24:00,0.0
2018-06-05 12:25:00,0.0
2018-06-05 12:26:00,0.0
2018-06-05 12:27:00,0.0
2018-06-05 12:28:00,0.0
2018-06-05 12:29:00,1.555834378920965
2018-06-05 12:30:00,0.0
2018-06-05 12:31:00,0.0
2018-06-05 12:32:00,0.0
2018-06-05 12:33:00,-0.6313131313131313
2018-06-05 12:34:00,0.0
2018-06-05 12:35:00,-0.1264222503160664
2018-06-05 12:36:00,-0.15193719929094748
2018-06-05 12:37:00,-0.025329280648442542
2018-06-05 12:38:00,0.0
2018-06-05 12:39:00,0.0
2018-06-05 12:40:00,0.0
2018-06-05 12:41:00,0.0
2018-06-05 12:42:00,0.0
2018-06-05 12:43:00,0.0
2018-06-05 12:44:00,-0.2794005588011162
2018-06-05 12:45:00,0.3291139240506394
2018-06-05 12:46:00,0.0
2018-06-05 12:47:00,-0.050658561296867084
2018-06-05 12:48:00,0.05063291139241298
2018-06-05 12:49:00,0.0
2018-06-05 12:50:00,0.07589172780167248
2018-06-05 12:51:00,-0.101291466193971
2018-06-05 12:52:00,0.0
2018-06-05 12:53:00,0.0
2018-06-05 12:54:00,0.0
2018-06-05 12:55:00,0.0
2018-06-05 12:56:00,-0.3557814485387562
2018-06-05 12:57:00,0.0
2018-06-05 12:58:00,-0.5622284692052105
2018-06-05 12:59:00,0.45789875349783693
2018-06-05 13:00:00,0.1777552056881673
2018-06-05 13:01:00,-0.025400050800114597
2018-06-05 13:02:00,-0.20361415118350293
2018-06-05 13:03:00,0.0
2018-06-05 13:04:00,0.0
2018-06-05 13:05:00,0.0
2018-06-05 13:06:00,0.0
2018-06-05 13:07:00,0.0
2018-06-05 13:08:00,0.0
2018-06-05 13:09:00,-1.2367946405565493
2018-06-05 13:10:00,0.0
2018-06-05 13:11:00,0.0
2018-06-05 13:12:00,0.0
2018-06-05 13:13:00,0.0
2018-06-05 13:14:00,2.266431629312512
2018-06-05 13:15:00,0.0
2018-06-05 13:16:00,-0.9405185561769126
2018-06-05 13:17:00,-0.1782531194295907
2018-06-05 13:18:00,0.0
2018-06-05 13:19:00,0.17793594306049892
2018-06-05 13:20:00,-0.203769740193595
2018-06-05 13:21:00,0.0
2018-06-05 13:22:00,0.0
2018-06-05 13:23:00,0.0
2018-06-05 13:24:00,0.0
2018-06-05 13:25:00,0.0
2018-06-05 13:26:00,0.0
2018-06-05 13:27:00,0.0
2018-06-05 13:28:00,0.0
2018-06-05 13:29:00,0.0
2018-06-05 13:30:00,0.025464731347097314
2018-06-05 13:31:00,0.0
2018-06-05 13:32:00,0.0
2018-06-05 13:33:00,-0.6664957703153169
2018-06-05 13:34:00,0.0
2018-06-05 13:35:00,0.0
2018-06-05 13:36:00,0.0
2018-06-05 13:37:00,0.0
2018-06-05 13:38:00,0.0
2018-06-05 13:39:00,0.0
2018-06-05 13:40:00,0.0
2018-06-05 13:41:00,0.0
2018-06-05 13:42:00,0.0
2018-06-05 13:43:00,0.0
2018-06-05 13:44:00,0.0
2018-06-05 13:45:00,0.0
2018-06-05 13:46:00,0.0
2018-06-05 13:47:00,0.0
2018-06-05 13:48:00,0.0
2018-06-05 13:49:00,0.0
2018-06-05 13:50:00,0.0
2018-06-05 13:51:00,0.0
2018-06-05 13:52:00,-0.1540436456996025
2018-06-05 13:53:00,-0.5420753742901415
2018-06-05 13:54:00,-0.0774993541720515
2018-06-05 13:55:00,0.0
2018-06-05 13:56:00,0.0
2018-06-05 13:57:00,0.2062387213199234
2018-06-05 13:58:00,0.0
2018-06-05 13:59:00,0.0
2018-06-05 14:00:00,-0.1290655653071687
2018-06-05 14:01:00,0.6157003591585297
2018-06-05 14:02:00,-0.5675954592363232
2018-06-05 14:03:00,0.5643919958953281
2018-06-05 14:04:00,-0.4898169631348227
2018-06-05 14:05:00,-0.20666494445879174
2018-06-05 14:06:00,0.1032258064516107
2018-06-05 14:07:00,0.2830674215131226
2018-06-05 14:08:00,-0.3097573567372159
2018-06-05 14:09:00,0.0
2018-06-05 14:10:00,0.0
2018-06-05 14:11:00,0.0
2018-06-05 14:12:00,0.0
2018-06-05 14:13:00,0.6921302230197284
2018-06-05 14:14:00,0.0
2018-06-05 14:15:00,0.0
2018-06-05 14:16:00,0.0
2018-06-05 14:17:00,-0.48943843379700597
2018-06-05 14:18:00,-1.1991657977059458
2018-06-05 14:19:00,0.0
